{
    "variants": {
        "facing=east,half=lower,hinge=left,open=false":  { "model": "block/easel" },
        "facing=south,half=lower,hinge=left,open=false": { "model": "block/easel", "y": 90 },
        "facing=west,half=lower,hinge=left,open=false":  { "model": "block/easel", "y": 180 },
        "facing=north,half=lower,hinge=left,open=false": { "model": "block/easel", "y": 270 },
        "facing=east,half=lower,hinge=right,open=false":  { "model": "block/easel" },
        "facing=south,half=lower,hinge=right,open=false": { "model": "block/easel", "y": 90 },
        "facing=west,half=lower,hinge=right,open=false":  { "model": "block/easel", "y": 180 },
        "facing=north,half=lower,hinge=right,open=false": { "model": "block/easel", "y": 270 },
        "facing=east,half=lower,hinge=left,open=true":  { "model": "block/easel", "y": 90 },
        "facing=south,half=lower,hinge=left,open=true": { "model": "block/easel", "y": 180 },
        "facing=west,half=lower,hinge=left,open=true":  { "model": "block/easel", "y": 270 },
        "facing=north,half=lower,hinge=left,open=true": { "model": "block/easel" },
        "facing=east,half=lower,hinge=right,open=true":  { "model": "block/easel", "y": 270 },
        "facing=south,half=lower,hinge=right,open=true": { "model": "block/easel" },
        "facing=west,half=lower,hinge=right,open=true":  { "model": "block/easel", "y": 90 },
        "facing=north,half=lower,hinge=right,open=true": { "model": "block/easel", "y": 180 },
        "facing=east,half=upper,hinge=left,open=false":  { "model": "block/empty_model" },
        "facing=south,half=upper,hinge=left,open=false": { "model": "block/empty_model", "y": 90 },
        "facing=west,half=upper,hinge=left,open=false":  { "model": "block/empty_model", "y": 180 },
        "facing=north,half=upper,hinge=left,open=false": { "model": "block/empty_model", "y": 270 },
        "facing=east,half=upper,hinge=right,open=false":  { "model": "block/empty_model" },
        "facing=south,half=upper,hinge=right,open=false": { "model": "block/empty_model", "y": 90 },
        "facing=west,half=upper,hinge=right,open=false":  { "model": "block/empty_model", "y": 180 },
        "facing=north,half=upper,hinge=right,open=false": { "model": "block/empty_model", "y": 270 },
        "facing=east,half=upper,hinge=left,open=true":  { "model": "block/empty_model", "y": 90 },
        "facing=south,half=upper,hinge=left,open=true": { "model": "block/empty_model", "y": 180 },
        "facing=west,half=upper,hinge=left,open=true":  { "model": "block/empty_model", "y": 270 },
        "facing=north,half=upper,hinge=left,open=true": { "model": "block/empty_model" },
        "facing=east,half=upper,hinge=right,open=true":  { "model": "block/empty_model", "y": 270 },
        "facing=south,half=upper,hinge=right,open=true": { "model": "block/empty_model" },
        "facing=west,half=upper,hinge=right,open=true":  { "model": "block/empty_model", "y": 90 },
        "facing=north,half=upper,hinge=right,open=true": { "model": "block/empty_model", "y": 180 }
    }
}
