{
    "variants": {
        "delay=1,facing=south,locked=false,powered=false": [{ "model": "block/blue_desktop" },{ "model": "block/yellow_desktop" },{ "model": "block/red_desktop" },{ "model": "block/cyan_desktop" },{ "model": "block/magenta_desktop" },{ "model": "block/light_blue_desktop" },{ "model": "block/light_gray_desktop" },{ "model": "block/brown_desktop" },{ "model": "block/lime_desktop" },{ "model": "block/white_desktop" },{ "model": "block/pink_desktop" },{ "model": "block/purple_desktop" }],
        "delay=1,facing=west,locked=false,powered=false": [{ "model": "block/blue_desktop" ,"y":90},{ "model": "block/yellow_desktop" ,"y":90},{ "model": "block/red_desktop" ,"y":90},{ "model": "block/cyan_desktop" ,"y":90},{ "model": "block/magenta_desktop" ,"y":90},{ "model": "block/light_blue_desktop" ,"y":90},{ "model": "block/light_gray_desktop" ,"y":90},{ "model": "block/brown_desktop" ,"y":90},{ "model": "block/lime_desktop" ,"y":90},{ "model": "block/white_desktop" ,"y":90},{ "model": "block/pink_desktop" ,"y":90},{ "model": "block/purple_desktop" ,"y":90}],
        "delay=1,facing=north,locked=false,powered=false": [{ "model": "block/blue_desktop" ,"y":180},{ "model": "block/yellow_desktop" ,"y":180},{ "model": "block/red_desktop" ,"y":180},{ "model": "block/cyan_desktop" ,"y":180},{ "model": "block/magenta_desktop" ,"y":180},{ "model": "block/light_blue_desktop" ,"y":180},{ "model": "block/light_gray_desktop" ,"y":180},{ "model": "block/brown_desktop" ,"y":180},{ "model": "block/lime_desktop" ,"y":180},{ "model": "block/white_desktop" ,"y":180},{ "model": "block/pink_desktop" ,"y":180},{ "model": "block/purple_desktop" ,"y":180}],
        "delay=1,facing=east,locked=false,powered=false": [{ "model": "block/blue_desktop" ,"y":270},{ "model": "block/yellow_desktop" ,"y":270},{ "model": "block/red_desktop" ,"y":270},{ "model": "block/cyan_desktop" ,"y":270},{ "model": "block/magenta_desktop" ,"y":270},{ "model": "block/light_blue_desktop" ,"y":270},{ "model": "block/light_gray_desktop" ,"y":270},{ "model": "block/brown_desktop" ,"y":270},{ "model": "block/lime_desktop" ,"y":270},{ "model": "block/white_desktop" ,"y":270},{ "model": "block/pink_desktop" ,"y":270},{ "model": "block/purple_desktop" ,"y":270}],
        "delay=2,facing=south,locked=false,powered=false": { "model": "block/repeater_2tick" },
        "delay=2,facing=west,locked=false,powered=false": { "model": "block/repeater_2tick", "y": 90 },
        "delay=2,facing=north,locked=false,powered=false": { "model": "block/repeater_2tick", "y": 180 },
        "delay=2,facing=east,locked=false,powered=false": { "model": "block/repeater_2tick", "y": 270 },
        "delay=3,facing=south,locked=false,powered=false": { "model": "block/repeater_3tick" },
        "delay=3,facing=west,locked=false,powered=false": { "model": "block/repeater_3tick", "y": 90 },
        "delay=3,facing=north,locked=false,powered=false": { "model": "block/repeater_3tick", "y": 180 },
        "delay=3,facing=east,locked=false,powered=false": { "model": "block/repeater_3tick", "y": 270 },
        "delay=4,facing=south,locked=false,powered=false": { "model": "block/repeater_4tick" },
        "delay=4,facing=west,locked=false,powered=false": { "model": "block/repeater_4tick", "y": 90 },
        "delay=4,facing=north,locked=false,powered=false": { "model": "block/repeater_4tick", "y": 180 },
        "delay=4,facing=east,locked=false,powered=false": { "model": "block/repeater_4tick", "y": 270 },
        "delay=1,facing=south,locked=true,powered=false": { "model": "block/repeater_1tick_locked" },
        "delay=1,facing=west,locked=true,powered=false": { "model": "block/repeater_1tick_locked", "y": 90 },
        "delay=1,facing=north,locked=true,powered=false": { "model": "block/repeater_1tick_locked", "y": 180 },
        "delay=1,facing=east,locked=true,powered=false": { "model": "block/repeater_1tick_locked", "y": 270 },
        "delay=2,facing=south,locked=true,powered=false": { "model": "block/repeater_2tick_locked" },
        "delay=2,facing=west,locked=true,powered=false": { "model": "block/repeater_2tick_locked", "y": 90 },
        "delay=2,facing=north,locked=true,powered=false": { "model": "block/repeater_2tick_locked", "y": 180 },
        "delay=2,facing=east,locked=true,powered=false": { "model": "block/repeater_2tick_locked", "y": 270 },
        "delay=3,facing=south,locked=true,powered=false": { "model": "block/repeater_3tick_locked" },
        "delay=3,facing=west,locked=true,powered=false": { "model": "block/repeater_3tick_locked", "y": 90 },
        "delay=3,facing=north,locked=true,powered=false": { "model": "block/repeater_3tick_locked", "y": 180 },
        "delay=3,facing=east,locked=true,powered=false": { "model": "block/repeater_3tick_locked", "y": 270 },
        "delay=4,facing=south,locked=true,powered=false": { "model": "block/repeater_4tick_locked" },
        "delay=4,facing=west,locked=true,powered=false": { "model": "block/repeater_4tick_locked", "y": 90 },
        "delay=4,facing=north,locked=true,powered=false": { "model": "block/repeater_4tick_locked", "y": 180 },
        "delay=4,facing=east,locked=true,powered=false": { "model": "block/repeater_4tick_locked", "y": 270 },
        "delay=1,facing=south,locked=false,powered=true": { "model": "block/repeater_1tick_on" },
        "delay=1,facing=west,locked=false,powered=true": { "model": "block/repeater_1tick_on", "y": 90 },
        "delay=1,facing=north,locked=false,powered=true": { "model": "block/repeater_1tick_on", "y": 180 },
        "delay=1,facing=east,locked=false,powered=true": { "model": "block/repeater_1tick_on", "y": 270 },
        "delay=2,facing=south,locked=false,powered=true": { "model": "block/repeater_2tick_on" },
        "delay=2,facing=west,locked=false,powered=true": { "model": "block/repeater_2tick_on", "y": 90 },
        "delay=2,facing=north,locked=false,powered=true": { "model": "block/repeater_2tick_on", "y": 180 },
        "delay=2,facing=east,locked=false,powered=true": { "model": "block/repeater_2tick_on", "y": 270 },
        "delay=3,facing=south,locked=false,powered=true": { "model": "block/repeater_3tick_on" },
        "delay=3,facing=west,locked=false,powered=true": { "model": "block/repeater_3tick_on", "y": 90 },
        "delay=3,facing=north,locked=false,powered=true": { "model": "block/repeater_3tick_on", "y": 180 },
        "delay=3,facing=east,locked=false,powered=true": { "model": "block/repeater_3tick_on", "y": 270 },
        "delay=4,facing=south,locked=false,powered=true": { "model": "block/repeater_4tick_on" },
        "delay=4,facing=west,locked=false,powered=true": { "model": "block/repeater_4tick_on", "y": 90 },
        "delay=4,facing=north,locked=false,powered=true": { "model": "block/repeater_4tick_on", "y": 180 },
        "delay=4,facing=east,locked=false,powered=true": { "model": "block/repeater_4tick_on", "y": 270 },
        "delay=1,facing=south,locked=true,powered=true": { "model": "block/repeater_1tick_on_locked" },
        "delay=1,facing=west,locked=true,powered=true": { "model": "block/repeater_1tick_on_locked", "y": 90 },
        "delay=1,facing=north,locked=true,powered=true": { "model": "block/repeater_1tick_on_locked", "y": 180 },
        "delay=1,facing=east,locked=true,powered=true": { "model": "block/repeater_1tick_on_locked", "y": 270 },
        "delay=2,facing=south,locked=true,powered=true": { "model": "block/repeater_2tick_on_locked" },
        "delay=2,facing=west,locked=true,powered=true": { "model": "block/repeater_2tick_on_locked", "y": 90 },
        "delay=2,facing=north,locked=true,powered=true": { "model": "block/repeater_2tick_on_locked", "y": 180 },
        "delay=2,facing=east,locked=true,powered=true": { "model": "block/repeater_2tick_on_locked", "y": 270 },
        "delay=3,facing=south,locked=true,powered=true": { "model": "block/repeater_3tick_on_locked" },
        "delay=3,facing=west,locked=true,powered=true": { "model": "block/repeater_3tick_on_locked", "y": 90 },
        "delay=3,facing=north,locked=true,powered=true": { "model": "block/repeater_3tick_on_locked", "y": 180 },
        "delay=3,facing=east,locked=true,powered=true": { "model": "block/repeater_3tick_on_locked", "y": 270 },
        "delay=4,facing=south,locked=true,powered=true": { "model": "block/repeater_4tick_on_locked" },
        "delay=4,facing=west,locked=true,powered=true": { "model": "block/repeater_4tick_on_locked", "y": 90 },
        "delay=4,facing=north,locked=true,powered=true": { "model": "block/repeater_4tick_on_locked", "y": 180 },
        "delay=4,facing=east,locked=true,powered=true": { "model": "block/repeater_4tick_on_locked", "y": 270 }
    }
}
