{
	"__comment": "Designed by Daiksoul with Cubik Studio - https://cubik.studio",
	"textures": {
		"particle": "block/spruce_planks",
		"texture": "block/rail",
		"texture1": "block/spruce_planks"
	},
	"elements": [ 	 
		{
			"__comment": "Box1",
			"from": [ 0.5, 0, 14.5 ],
			"to": [ 1.5, 12, 15.5 ],
			"faces": {
				"down": { "uv": [ 3, 15, 4, 16 ], "texture": "#texture", "rotation": 90 },
				"north": { "uv": [ 3, 0, 2, 16 ], "texture": "#texture" },
				"south": { "uv": [ 3, 0, 2, 16 ], "texture": "#texture" },
				"west": { "uv": [ 3, 0, 4, 16 ], "texture": "#texture" },
				"east": { "uv": [ 3, 0, 4, 16 ], "texture": "#texture" }
			}
		},
		{
			"__comment": "Box1",
			"from": [ 14.5, 0, 14.5 ],
			"to": [ 15.5, 12, 15.5 ],
			"faces": {
				"down": { "uv": [ 3, 15, 4, 16 ], "texture": "#texture", "rotation": 90 },
				"north": { "uv": [ 3, 0, 2, 16 ], "texture": "#texture" },
				"south": { "uv": [ 3, 0, 2, 16 ], "texture": "#texture" },
				"west": { "uv": [ 3, 0, 4, 16 ], "texture": "#texture" },
				"east": { "uv": [ 3, 0, 4, 16 ], "texture": "#texture" }
			}
		},
		{
			"__comment": "Box1",
			"from": [ 14.5, 0, 0.5 ],
			"to": [ 15.5, 12, 1.5 ],
			"faces": {
				"down": { "uv": [ 3, 15, 4, 16 ], "texture": "#texture", "rotation": 90 },
				"north": { "uv": [ 3, 0, 2, 16 ], "texture": "#texture" },
				"south": { "uv": [ 3, 0, 2, 16 ], "texture": "#texture" },
				"west": { "uv": [ 3, 0, 4, 16 ], "texture": "#texture" },
				"east": { "uv": [ 3, 0, 4, 16 ], "texture": "#texture" }
			}
		},
		{
			"__comment": "Box1",
			"from": [ 0.5, 0, 0.5 ],
			"to": [ 1.5, 12, 1.5 ],
			"faces": {
				"down": { "uv": [ 3, 15, 4, 16 ], "texture": "#texture", "rotation": 90 },
				"north": { "uv": [ 3, 0, 2, 16 ], "texture": "#texture" },
				"south": { "uv": [ 3, 0, 2, 16 ], "texture": "#texture" },
				"west": { "uv": [ 3, 0, 4, 16 ], "texture": "#texture" },
				"east": { "uv": [ 3, 0, 4, 16 ], "texture": "#texture" }
			}
		},
		{
			"__comment": "Box1",
			"from": [ 0, 12, 0 ],
			"to": [ 16, 13, 14.5 ],
			"faces": {
				"down": { "uv": [ 1.5, 0, 16, 16 ], "texture": "#texture1", "rotation": 90 },
				"up": { "uv": [ 1.5, 0, 16, 16 ], "texture": "#texture1", "rotation": 270 },
				"north": { "uv": [ 0, 3, 16, 4 ], "texture": "#texture1" },
				"south": { "uv": [ 0, 3, 16, 4 ], "texture": "#texture1" },
				"west": { "uv": [ 0, 3, 14.5, 4 ], "texture": "#texture1" },
				"east": { "uv": [ 1.5, 3, 16, 4 ], "texture": "#texture1" }
			}
		},
		{
			"__comment": "Box1",
			"from": [ 14.5, 13, 14.5 ],
			"to": [ 15.5, 25, 15.5 ],
			"faces": {
				"north": { "uv": [ 3, 0, 2, 16 ], "texture": "#texture" },
				"south": { "uv": [ 3, 0, 2, 16 ], "texture": "#texture" },
				"west": { "uv": [ 3, 0, 4, 16 ], "texture": "#texture" },
				"east": { "uv": [ 3, 0, 4, 16 ], "texture": "#texture" }
			}
		},
		{
			"__comment": "Box1",
			"from": [ 0.5, 13, 14.5 ],
			"to": [ 1.5, 25, 15.5 ],
			"faces": {
				"north": { "uv": [ 3, 0, 2, 16 ], "texture": "#texture" },
				"south": { "uv": [ 3, 0, 2, 16 ], "texture": "#texture" },
				"west": { "uv": [ 3, 0, 4, 16 ], "texture": "#texture" },
				"east": { "uv": [ 3, 0, 4, 16 ], "texture": "#texture" }
			}
		},
		{
			"__comment": "Box1",
			"from": [ 0, 21, 13.5 ],
			"to": [ 16, 27, 14.5 ],
			"faces": {
				"down": { "uv": [ 1.5, 0, 2.5, 16 ], "texture": "#texture1", "rotation": 90 },
				"up": { "uv": [ 1.5, 0, 2.5, 16 ], "texture": "#texture1", "rotation": 270 },
				"north": { "uv": [ 0, 5, 16, 11 ], "texture": "#texture1" },
				"south": { "uv": [ 0, 5, 16, 11 ], "texture": "#texture1" },
				"west": { "uv": [ 13.5, 5, 14.5, 11 ], "texture": "#texture1" },
				"east": { "uv": [ 1.5, 5, 2.5, 11 ], "texture": "#texture1" }
			}
		},
		{
			"__comment": "Box1",
			"from": [ 0.5, 25, 14.5 ],
			"to": [ 15.5, 26, 15.5 ],
			"faces": {
				"down": { "uv": [ 3, 0, 4, 16 ], "texture": "#texture", "rotation": 90 },
				"up": { "uv": [ 13, 0, 14, 16 ], "texture": "#texture", "rotation": 270 },
				"south": { "uv": [ 2, 0, 3, 16 ], "texture": "#texture", "rotation": 90 },
				"west": { "uv": [ 3, 0, 4, 1 ], "texture": "#texture" },
				"east": { "uv": [ 3, 0, 4, 1 ], "texture": "#texture" }
			}
		},
		{
			"__comment": "Box1",
			"from": [ 0.5, 12, 14.5 ],
			"to": [ 15.5, 13, 15.5 ],
			"faces": {
				"down": { "uv": [ 0.5, 0.5, 1.5, 15.5 ], "texture": "#texture1", "rotation": 90 },
				"up": { "uv": [ 0.5, 0.5, 1.5, 15.5 ], "texture": "#texture1", "rotation": 270 },
				"south": { "uv": [ 0.5, 3, 15.5, 4 ], "texture": "#texture1" },
				"west": { "uv": [ 14.5, 3, 15.5, 4 ], "texture": "#texture1" },
				"east": { "uv": [ 0.5, 3, 1.5, 4 ], "texture": "#texture1" }
			}
		},
		{
			"__comment": "Box1",
			"from": [ 14.5, 11, 1.5 ],
			"to": [ 15.5, 12, 14.5 ],
			"faces": {
				"down": { "uv": [ 3, 0, 4, 16 ], "texture": "#texture", "rotation": 180 },
				"west": { "uv": [ 12, 0, 13, 16 ], "texture": "#texture", "rotation": 90 },
				"east": { "uv": [ 13, 0, 14, 16 ], "texture": "#texture", "rotation": 90 }
			}
		},
		{
			"__comment": "Box1",
			"from": [ 0.5, 11, 1.5 ],
			"to": [ 1.5, 12, 14.5 ],
			"faces": {
				"down": { "uv": [ 3, 0, 4, 16 ], "texture": "#texture", "rotation": 180 },
				"west": { "uv": [ 3, 0, 4, 16 ], "texture": "#texture", "rotation": 90 },
				"east": { "uv": [ 2, 0, 3, 16 ], "texture": "#texture", "rotation": 90 }
			}
		},
		{
			"__comment": "Box1",
			"from": [ 1.5, 11, 0.5 ],
			"to": [ 14.5, 12, 1.5 ],
			"faces": {
				"down": { "uv": [ 3, 0, 4, 16 ], "texture": "#texture", "rotation": 90 },
				"north": { "uv": [ 2, 0, 3, 16 ], "texture": "#texture", "rotation": 90 },
				"south": { "uv": [ 2, 0, 3, 16 ], "texture": "#texture", "rotation": 90 }
			}
		},
		{
			"__comment": "PlaneY14",
			"from": [ 0, 0, 0 ],
			"to": [ 16, 0.001, 16 ],
			"faces": {
				"down": { "uv": [ 0, 0, 16, 16 ], "texture": "#texture1" },
				"up": { "uv": [ 0, 0, 16, 16 ], "texture": "#texture1" }
			}
		}
	],
	"display": {
		"thirdperson_righthand": {
			"rotation":  [ 75, 45, 0 ],
			"translation":  [ 0, 2.5, 0 ],
			"scale":  [ 0.375, 0.375, 0.375 ]
		},
		"thirdperson_lefthand": {
			"rotation":  [ 75, 45, 0 ],
			"translation":  [ 0, 2.5, 0 ],
			"scale":  [ 0.375, 0.375, 0.375 ]
		},
		"firstperson_righthand": {
			"rotation":  [ 0, 45, 0 ],
			"scale":  [ 0.4, 0.4, 0.4 ]
		},
		"firstperson_lefthand": {
			"rotation":  [ 0, 45, 0 ],
			"scale":  [ 0.4, 0.4, 0.4 ]
		},
		"gui": {
			"rotation":  [ 30, 225, 0 ],
			"scale":  [ 0.625, 0.625, 0.625 ]
		},
		"ground": {
			"translation":  [ 0, 3, 0 ],
			"scale":  [ 0.25, 0.25, 0.25 ]
		},
		"fixed": {
			"scale":  [ 0.5, 0.5, 0.5 ]
		}
	}
}