{
	"__comment": "Designed by Daiksoul with Cubik Studio - https://cubik.studio",
	"textures": {
		"particle": "block/spruce_planks",
		"texture": "block/spruce_planks",
		"texture1": "block/gray_terracotta",
		"texture2": "block/rail"
	},
	"elements": [ 	 
		{
			"__comment": "Box1",
			"from": [ 0, 18, 0 ],
			"to": [ 16, 19, 16 ],
			"faces": {
				"down": { "uv": [ 0, 0, 16, 16 ], "texture": "#texture" },
				"up": { "uv": [ 0, 0, 16, 16 ], "texture": "#texture" },
				"north": { "uv": [ 0, 13, 16, 14 ], "texture": "#texture" },
				"south": { "uv": [ 0, 13, 16, 14 ], "texture": "#texture" },
				"west": { "uv": [ 0, 13, 16, 14 ], "texture": "#texture" },
				"east": { "uv": [ 0, 13, 16, 14 ], "texture": "#texture" }
			}
		},
		{
			"__comment": "Box1",
			"from": [ 1, 15.5, 1 ],
			"to": [ 15, 16, 15 ],
			"faces": {
				"down": { "uv": [ 1, 1, 15, 15 ], "texture": "#texture1" },
				"up": { "uv": [ 1, 1, 15, 15 ], "texture": "#texture1" },
				"north": { "uv": [ 1, 0, 15, 0.5 ], "texture": "#texture1" },
				"south": { "uv": [ 1, 0, 15, 0.5 ], "texture": "#texture1" },
				"west": { "uv": [ 1, 0, 15, 0.5 ], "texture": "#texture1" },
				"east": { "uv": [ 1, 0, 15, 0.5 ], "texture": "#texture1" }
			}
		},
		{
			"__comment": "Box4",
			"from": [ 14.5, 0, 14.5 ],
			"to": [ 15.5, 18, 15.5 ],
			"faces": {
				"down": { "uv": [ 12, 0, 13, 1 ], "texture": "#texture2" },
				"up": { "uv": [ 12, 0, 13, 1 ], "texture": "#texture2" },
				"north": { "uv": [ 3, 0, 4, 16 ], "texture": "#texture2" },
				"south": { "uv": [ 2, 0, 3, 16 ], "texture": "#texture2" },
				"west": { "uv": [ 12, 0, 13, 16 ], "texture": "#texture2" },
				"east": { "uv": [ 13, 0, 14, 16 ], "texture": "#texture2" }
			}
		},
		{
			"__comment": "Box4",
			"from": [ 0.5, 0, 14.5 ],
			"to": [ 1.5, 18, 15.5 ],
			"faces": {
				"down": { "uv": [ 12, 0, 13, 1 ], "texture": "#texture2" },
				"up": { "uv": [ 12, 0, 13, 1 ], "texture": "#texture2" },
				"north": { "uv": [ 3, 0, 4, 16 ], "texture": "#texture2" },
				"south": { "uv": [ 2, 0, 3, 16 ], "texture": "#texture2" },
				"west": { "uv": [ 13, 0, 14, 16 ], "texture": "#texture2" },
				"east": { "uv": [ 12, 0, 13, 16 ], "texture": "#texture2" }
			}
		},
		{
			"__comment": "Box4",
			"from": [ 0.5, 0, 0.5 ],
			"to": [ 1.5, 18, 1.5 ],
			"faces": {
				"down": { "uv": [ 12, 0, 13, 1 ], "texture": "#texture2" },
				"up": { "uv": [ 12, 0, 13, 1 ], "texture": "#texture2" },
				"north": { "uv": [ 2, 0, 3, 16 ], "texture": "#texture2" },
				"south": { "uv": [ 3, 0, 4, 16 ], "texture": "#texture2" },
				"west": { "uv": [ 13, 0, 14, 16 ], "texture": "#texture2" },
				"east": { "uv": [ 12, 0, 13, 16 ], "texture": "#texture2" }
			}
		},
		{
			"__comment": "Box4",
			"from": [ 14.5, 0, 0.5 ],
			"to": [ 15.5, 18, 1.5 ],
			"faces": {
				"down": { "uv": [ 12, 0, 13, 1 ], "texture": "#texture2" },
				"up": { "uv": [ 12, 0, 13, 1 ], "texture": "#texture2" },
				"north": { "uv": [ 2, 0, 3, 16 ], "texture": "#texture2" },
				"south": { "uv": [ 3, 0, 4, 16 ], "texture": "#texture2" },
				"west": { "uv": [ 12, 0, 13, 16 ], "texture": "#texture2" },
				"east": { "uv": [ 13, 0, 14, 16 ], "texture": "#texture2" }
			}
		},
		{
			"__comment": "Box1",
			"from": [ 1, 16, 14 ],
			"to": [ 15, 18, 15 ],
			"faces": {
				"down": { "uv": [ 1, 1, 15, 2 ], "texture": "#texture1" },
				"up": { "uv": [ 1, 14, 15, 15 ], "texture": "#texture1" },
				"north": { "uv": [ 1, 14, 15, 16 ], "texture": "#texture1" },
				"south": { "uv": [ 1, 14, 15, 16 ], "texture": "#texture1" },
				"west": { "uv": [ 14, 14, 15, 16 ], "texture": "#texture1" },
				"east": { "uv": [ 1, 14, 2, 16 ], "texture": "#texture1" }
			}
		},
		{
			"__comment": "Box1",
			"from": [ 14, 16, 1 ],
			"to": [ 15, 18, 15 ],
			"faces": {
				"down": { "uv": [ 14, 1, 15, 15 ], "texture": "#texture1" },
				"up": { "uv": [ 14, 1, 15, 15 ], "texture": "#texture1" },
				"north": { "uv": [ 1, 14, 2, 16 ], "texture": "#texture1" },
				"south": { "uv": [ 14, 14, 15, 16 ], "texture": "#texture1" },
				"west": { "uv": [ 1, 14, 15, 16 ], "texture": "#texture1" },
				"east": { "uv": [ 1, 14, 15, 16 ], "texture": "#texture1" }
			}
		},
		{
			"__comment": "Box1",
			"from": [ 1, 16, 1 ],
			"to": [ 2, 18, 14.5 ],
			"faces": {
				"down": { "uv": [ 1, 1.5, 2, 15 ], "texture": "#texture1" },
				"up": { "uv": [ 1, 1, 2, 14.5 ], "texture": "#texture1" },
				"north": { "uv": [ 14, 14, 15, 16 ], "texture": "#texture1" },
				"south": { "uv": [ 1, 14, 2, 16 ], "texture": "#texture1" },
				"west": { "uv": [ 1, 14, 14.5, 16 ], "texture": "#texture1" },
				"east": { "uv": [ 1.5, 14, 15, 16 ], "texture": "#texture1" }
			}
		},
		{
			"__comment": "Box4",
			"from": [ 1.5, 17.5, 15 ],
			"to": [ 14.5, 18, 15.5 ],
			"faces": {
				"down": { "uv": [ 3, 0, 4, 16 ], "texture": "#texture2", "rotation": 90 },
				"up": { "uv": [ 2, 0, 3, 16 ], "texture": "#texture2", "rotation": 90 },
				"north": { "uv": [ 2, 0, 3, 16 ], "texture": "#texture2", "rotation": 90 },
				"south": { "uv": [ 2, 0, 3, 16 ], "texture": "#texture2", "rotation": 90 },
				"west": { "uv": [ 3, 0, 4, 1 ], "texture": "#texture2" },
				"east": { "uv": [ 3, 0, 4, 1 ], "texture": "#texture2" }
			}
		},
		{
			"__comment": "Box4",
			"from": [ 0.5, 17.5, 1.5 ],
			"to": [ 1, 18, 14.5 ],
			"faces": {
				"down": { "uv": [ 2, 0, 3, 16 ], "texture": "#texture2" },
				"up": { "uv": [ 2, 0, 3, 16 ], "texture": "#texture2" },
				"north": { "uv": [ 2, 0, 3, 1 ], "texture": "#texture2" },
				"south": { "uv": [ 2, 0, 3, 1 ], "texture": "#texture2" },
				"west": { "uv": [ 2, 0, 3, 16 ], "texture": "#texture2", "rotation": 90 },
				"east": { "uv": [ 2, 0, 3, 16 ], "texture": "#texture2", "rotation": 90 }
			}
		},
		{
			"__comment": "Box4",
			"from": [ 15, 17.5, 1.5 ],
			"to": [ 15.5, 18, 14.5 ],
			"faces": {
				"down": { "uv": [ 2, 0, 3, 16 ], "texture": "#texture2" },
				"up": { "uv": [ 2, 0, 3, 16 ], "texture": "#texture2" },
				"north": { "uv": [ 2, 0, 3, 1 ], "texture": "#texture2" },
				"south": { "uv": [ 2, 0, 3, 1 ], "texture": "#texture2" },
				"west": { "uv": [ 2, 0, 3, 16 ], "texture": "#texture2", "rotation": 90 },
				"east": { "uv": [ 2, 0, 3, 16 ], "texture": "#texture2", "rotation": 90 }
			}
		}
	],
	"display": {
		"thirdperson_righthand": {
			"rotation":  [ 75, 45, 0 ],
			"translation":  [ 0, 2.5, 0 ],
			"scale":  [ 0.375, 0.375, 0.375 ]
		},
		"thirdperson_lefthand": {
			"rotation":  [ 75, 45, 0 ],
			"translation":  [ 0, 2.5, 0 ],
			"scale":  [ 0.375, 0.375, 0.375 ]
		},
		"firstperson_righthand": {
			"rotation":  [ 0, 45, 0 ],
			"scale":  [ 0.4, 0.4, 0.4 ]
		},
		"firstperson_lefthand": {
			"rotation":  [ 0, 45, 0 ],
			"scale":  [ 0.4, 0.4, 0.4 ]
		},
		"gui": {
			"rotation":  [ 30, 225, 0 ],
			"scale":  [ 0.625, 0.625, 0.625 ]
		},
		"ground": {
			"translation":  [ 0, 3, 0 ],
			"scale":  [ 0.25, 0.25, 0.25 ]
		},
		"fixed": {
			"scale":  [ 0.5, 0.5, 0.5 ]
		}
	}
}