{
	"__comment": "Designed by Daiksoul with Cubik Studio - https://cubik.studio",
	"textures": {
		"particle": "block/anvil",
		"texture1": "block/iron_block",
		"texture": "block/anvil"
	},
	"elements": [ 	 
		{
			"__comment": "Box1",
			"from": [ 0, 0, 0 ],
			"to": [ 16, 1, 16 ],
			"faces": {
				"down": { "uv": [ 0, 0, 16, 16 ], "texture": "#texture" },
				"up": { "uv": [ 0, 0, 16, 16 ], "texture": "#texture" },
				"north": { "uv": [ 0, 15, 16, 16 ], "texture": "#texture" },
				"south": { "uv": [ 0, 15, 16, 16 ], "texture": "#texture" },
				"west": { "uv": [ 0, 15, 16, 16 ], "texture": "#texture" },
				"east": { "uv": [ 0, 15, 16, 16 ], "texture": "#texture" }
			}
		},
		{
			"__comment": "Box1",
			"from": [ 0, 15, 0 ],
			"to": [ 16, 16, 16 ],
			"faces": {
				"down": { "uv": [ 0, 0, 16, 16 ], "texture": "#texture" },
				"up": { "uv": [ 0, 0, 16, 16 ], "texture": "#texture" },
				"north": { "uv": [ 0, 0, 16, 1 ], "texture": "#texture" },
				"south": { "uv": [ 0, 0, 16, 1 ], "texture": "#texture" },
				"west": { "uv": [ 0, 0, 16, 1 ], "texture": "#texture" },
				"east": { "uv": [ 0, 0, 16, 1 ], "texture": "#texture" }
			}
		},
		{
			"__comment": "Box1",
			"from": [ 0, 1, 0 ],
			"to": [ 1, 15, 16 ],
			"faces": {
				"down": { "uv": [ 0, 0, 1, 16 ], "texture": "#texture" },
				"up": { "uv": [ 0, 0, 1, 16 ], "texture": "#texture" },
				"north": { "uv": [ 15, 1, 16, 15 ], "texture": "#texture" },
				"south": { "uv": [ 0, 1, 1, 15 ], "texture": "#texture" },
				"west": { "uv": [ 0, 1, 16, 15 ], "texture": "#texture" },
				"east": { "uv": [ 0, 1, 16, 15 ], "texture": "#texture" }
			}
		},
		{
			"__comment": "Box1",
			"from": [ 15, 1, 0 ],
			"to": [ 16, 15, 16 ],
			"faces": {
				"down": { "uv": [ 15, 0, 16, 16 ], "texture": "#texture" },
				"up": { "uv": [ 15, 0, 16, 16 ], "texture": "#texture" },
				"north": { "uv": [ 0, 1, 1, 15 ], "texture": "#texture" },
				"south": { "uv": [ 15, 1, 16, 15 ], "texture": "#texture" },
				"west": { "uv": [ 0, 1, 16, 15 ], "texture": "#texture" },
				"east": { "uv": [ 0, 1, 16, 15 ], "texture": "#texture" }
			}
		},
		{
			"__comment": "Box1",
			"from": [ 1, 1, 15 ],
			"to": [ 15, 15, 16 ],
			"faces": {
				"down": { "uv": [ 1, 0, 15, 1 ], "texture": "#texture" },
				"up": { "uv": [ 1, 15, 15, 16 ], "texture": "#texture" },
				"north": { "uv": [ 1, 1, 15, 15 ], "texture": "#texture" },
				"south": { "uv": [ 1, 1, 15, 15 ], "texture": "#texture" },
				"west": { "uv": [ 15, 1, 16, 15 ], "texture": "#texture" },
				"east": { "uv": [ 0, 1, 1, 15 ], "texture": "#texture" }
			}
		},
		{
			"__comment": "Box1",
			"from": [ 1, 1, 0.5 ],
			"to": [ 15, 15, 1.5 ],
			"faces": {
				"down": { "uv": [ 1, 14.5, 15, 15.5 ], "texture": "#texture1" },
				"up": { "uv": [ 1, 0.5, 15, 1.5 ], "texture": "#texture1" },
				"north": { "uv": [ 1, 1, 15, 15 ], "texture": "#texture1" },
				"south": { "uv": [ 1, 1, 15, 15 ], "texture": "#texture1" },
				"west": { "uv": [ 0.5, 1, 1.5, 15 ], "texture": "#texture1" },
				"east": { "uv": [ 14.5, 1, 15.5, 15 ], "texture": "#texture1" }
			}
		},
		{
			"__comment": "Box1",
			"from": [ 13.5, 9, 0 ],
			"to": [ 14, 14, 0.5 ],
			"faces": {
				"down": { "uv": [ 0, 3, 0.5, 3.5 ], "texture": "#texture" },
				"up": { "uv": [ 0, 3, 0.5, 3.5 ], "texture": "#texture" },
				"north": { "uv": [ 0, 2, 0.5, 7 ], "texture": "#texture" },
				"south": { "uv": [ 0, 2, 0.5, 7 ], "texture": "#texture" },
				"west": { "uv": [ 0, 2, 0.5, 7 ], "texture": "#texture" },
				"east": { "uv": [ 0, 2, 0.5, 7 ], "texture": "#texture" }
			}
		}
	],
	"display": {
		"thirdperson_righthand": {
			"rotation":  [ 75, 45, 0 ],
			"translation":  [ 0, 2.5, 0 ],
			"scale":  [ 0.375, 0.375, 0.375 ]
		},
		"thirdperson_lefthand": {
			"rotation":  [ 75, 45, 0 ],
			"translation":  [ 0, 2.5, 0 ],
			"scale":  [ 0.375, 0.375, 0.375 ]
		},
		"firstperson_righthand": {
			"rotation":  [ 0, 45, 0 ],
			"scale":  [ 0.4, 0.4, 0.4 ]
		},
		"firstperson_lefthand": {
			"rotation":  [ 0, 45, 0 ],
			"scale":  [ 0.4, 0.4, 0.4 ]
		},
		"gui": {
			"rotation":  [ 30, 225, 0 ],
			"scale":  [ 0.625, 0.625, 0.625 ]
		},
		"ground": {
			"translation":  [ 0, 3, 0 ],
			"scale":  [ 0.25, 0.25, 0.25 ]
		},
		"fixed": {
			"scale":  [ 0.5, 0.5, 0.5 ]
		}
	}
}