{
	"__comment": "Designed by Daiksoul with Cubik Studio - https://cubik.studio",
	"textures": {
		"particle": "block/acacia_planks",
		"texture": "block/acacia_planks"
	},
	"elements": [ 	 
		{
			"__comment": "Box1",
			"from": [ 12.5, -2.6875, 11 ],
			"to": [ 14, 31.8125, 12.5 ],
			"rotation": { "origin": [ 14.75, 28.8125, 11 ], "axis": "x", "angle": 22.5 },
			"faces": {
				"down": { "uv": [ 4, 6, 5, 7 ], "texture": "#texture", "rotation": 180 },
				"up": { "uv": [ 4, 9, 5, 10 ], "texture": "#texture", "rotation": 180 },
				"north": { "uv": [ 4, 0, 5, 16 ], "texture": "#texture" },
				"south": { "uv": [ 11, 0, 12, 16 ], "texture": "#texture" },
				"west": { "uv": [ 6, 0, 7, 16 ], "texture": "#texture" },
				"east": { "uv": [ 9, 0, 10, 16 ], "texture": "#texture" }
			}
		},
		{
			"__comment": "Box1",
			"from": [ 2, -2.6875, 11 ],
			"to": [ 3.5, 31.8125, 12.5 ],
			"rotation": { "origin": [ 14.75, 28.8125, 11 ], "axis": "x", "angle": 22.5 },
			"faces": {
				"down": { "uv": [ 11, 6, 12, 7 ], "texture": "#texture", "rotation": 180 },
				"up": { "uv": [ 11, 9, 12, 10 ], "texture": "#texture", "rotation": 180 },
				"north": { "uv": [ 11, 0, 12, 16 ], "texture": "#texture" },
				"south": { "uv": [ 4, 0, 5, 16 ], "texture": "#texture" },
				"west": { "uv": [ 6, 0, 7, 16 ], "texture": "#texture" },
				"east": { "uv": [ 9, 0, 10, 16 ], "texture": "#texture" }
			}
		},
		{
			"__comment": "Box1",
			"from": [ 2.5, 25.9012, 15.7541 ],
			"to": [ 13, 27.4012, 17.2541 ],
			"rotation": { "origin": [ 13, 41, 9.5 ], "axis": "x", "angle": 22.5 },
			"faces": {
				"down": { "uv": [ 3.5, 5.5, 12.5, 6 ], "texture": "#texture", "rotation": 180 },
				"up": { "uv": [ 3.5, 10, 12.5, 10.5 ], "texture": "#texture", "rotation": 180 },
				"north": { "uv": [ 3.5, 6, 12.5, 7 ], "texture": "#texture" },
				"south": { "uv": [ 3.5, 6, 12.5, 7 ], "texture": "#texture" },
				"west": { "uv": [ 5.5, 6, 6, 7 ], "texture": "#texture" },
				"east": { "uv": [ 10, 6, 10.5, 7 ], "texture": "#texture" }
			}
		},
		{
			"__comment": "Box1",
			"from": [ 7.25, -0.8271, 19.7609 ],
			"to": [ 8.75, 26.9229, 21.2609 ],
			"rotation": { "origin": [ 8.75, -0.25, 20 ], "axis": "x", "angle": -22.5 },
			"faces": {
				"down": { "uv": [ 7.5, 15, 8.5, 16 ], "texture": "#texture", "rotation": 180 },
				"up": { "uv": [ 7.5, 0, 8.5, 1 ], "texture": "#texture", "rotation": 180 },
				"north": { "uv": [ 7.5, 0, 8.5, 16 ], "texture": "#texture" },
				"south": { "uv": [ 7.5, 0, 8.5, 16 ], "texture": "#texture" },
				"west": { "uv": [ 15, 0, 16, 16 ], "texture": "#texture" },
				"east": { "uv": [ 0, 0, 1, 16 ], "texture": "#texture" }
			}
		},
		{
			"__comment": "Box1",
			"from": [ 1.25, 28.8125, 10.25 ],
			"to": [ 14.75, 30.3125, 11 ],
			"rotation": { "origin": [ 14.75, 28.8125, 11 ], "axis": "x", "angle": 22.5 },
			"faces": {
				"down": { "uv": [ 3.5, 5.5, 12.5, 6 ], "texture": "#texture", "rotation": 180 },
				"up": { "uv": [ 3.5, 10, 12.5, 10.5 ], "texture": "#texture", "rotation": 180 },
				"north": { "uv": [ 3.5, 10, 12.5, 11 ], "texture": "#texture" },
				"south": { "uv": [ 3.5, 10, 12.5, 11 ], "texture": "#texture" },
				"west": { "uv": [ 5.5, 10, 6, 11 ], "texture": "#texture" },
				"east": { "uv": [ 10, 10, 10.5, 11 ], "texture": "#texture" }
			}
		},
		{
			"__comment": "Box1",
			"from": [ 10.25, 12.3125, 10.25 ],
			"to": [ 11, 28.8125, 11 ],
			"rotation": { "origin": [ 14.75, 28.8125, 11 ], "axis": "x", "angle": 22.5 },
			"faces": {
				"down": { "uv": [ 6, 5.5, 6.5, 6 ], "texture": "#texture", "rotation": 180 },
				"up": { "uv": [ 6, 10, 6.5, 10.5 ], "texture": "#texture", "rotation": 180 },
				"north": { "uv": [ 6, 0, 6.5, 6 ], "texture": "#texture" },
				"south": { "uv": [ 9.5, 0, 10, 6 ], "texture": "#texture" },
				"west": { "uv": [ 5.5, 0, 6, 6 ], "texture": "#texture" },
				"east": { "uv": [ 10, 0, 10.5, 6 ], "texture": "#texture" }
			}
		},
		{
			"__comment": "Box1",
			"from": [ 5, 12.3125, 10.25 ],
			"to": [ 5.75, 28.8125, 11 ],
			"rotation": { "origin": [ 14.75, 28.8125, 11 ], "axis": "x", "angle": 22.5 },
			"faces": {
				"down": { "uv": [ 9.5, 5.5, 10, 6 ], "texture": "#texture", "rotation": 180 },
				"up": { "uv": [ 9.5, 10, 10, 10.5 ], "texture": "#texture", "rotation": 180 },
				"north": { "uv": [ 9.5, 0, 10, 6 ], "texture": "#texture" },
				"south": { "uv": [ 6, 0, 6.5, 6 ], "texture": "#texture" },
				"west": { "uv": [ 5.5, 0, 6, 6 ], "texture": "#texture" },
				"east": { "uv": [ 10, 0, 10.5, 6 ], "texture": "#texture" }
			}
		},
		{
			"__comment": "Box1",
			"from": [ 7.625, 12.3125, 10.25 ],
			"to": [ 8.375, 28.8125, 11 ],
			"rotation": { "origin": [ 14.75, 28.8125, 11 ], "axis": "x", "angle": 22.5 },
			"faces": {
				"down": { "uv": [ 7.75, 5.5, 8.25, 6 ], "texture": "#texture", "rotation": 180 },
				"up": { "uv": [ 7.75, 10, 8.25, 10.5 ], "texture": "#texture", "rotation": 180 },
				"north": { "uv": [ 7.75, 0, 8.25, 6 ], "texture": "#texture" },
				"south": { "uv": [ 7.75, 0, 8.25, 6 ], "texture": "#texture" },
				"west": { "uv": [ 5.5, 0, 6, 6 ], "texture": "#texture" },
				"east": { "uv": [ 10, 0, 10.5, 6 ], "texture": "#texture" }
			}
		},
		{
			"__comment": "Box1",
			"from": [ 0.3125, 11.75, 8.75 ],
			"to": [ 15.3125, 12.5, 10.25 ],
			"rotation": { "origin": [ 16.25, 29, 11 ], "axis": "x", "angle": 22.5 },
			"faces": {
				"down": { "uv": [ 4, 4.5, 12, 5.5 ], "texture": "#texture", "rotation": 180 },
				"up": { "uv": [ 4, 10.5, 12, 11.5 ], "texture": "#texture", "rotation": 180 },
				"north": { "uv": [ 4, 6, 12, 6.5 ], "texture": "#texture" },
				"south": { "uv": [ 4, 6, 12, 6.5 ], "texture": "#texture" },
				"west": { "uv": [ 4.5, 6, 5.5, 6.5 ], "texture": "#texture" },
				"east": { "uv": [ 10.5, 6, 11.5, 6.5 ], "texture": "#texture" }
			}
		},
		{
			"__comment": "Box1",
			"from": [ -1, 11, 10.25 ],
			"to": [ 17, 12.5, 11 ],
			"rotation": { "origin": [ 17, 29, 11 ], "axis": "x", "angle": 22.5 },
			"faces": {
				"down": { "uv": [ 3.5, 5.5, 12.5, 6 ], "texture": "#texture", "rotation": 180 },
				"up": { "uv": [ 3.5, 10, 12.5, 10.5 ], "texture": "#texture", "rotation": 180 },
				"north": { "uv": [ 3.5, 6, 12.5, 7 ], "texture": "#texture" },
				"south": { "uv": [ 3.5, 6, 12.5, 7 ], "texture": "#texture" },
				"west": { "uv": [ 5.5, 6, 6, 7 ], "texture": "#texture" },
				"east": { "uv": [ 10, 6, 10.5, 7 ], "texture": "#texture" }
			}
		},
		{
			"__comment": "Box1",
			"from": [ 2, 12.5, 10.25 ],
			"to": [ 2.75, 29, 11 ],
			"rotation": { "origin": [ 11.75, 29, 11 ], "axis": "x", "angle": 22.5 },
			"faces": {
				"down": { "uv": [ 9.5, 5.5, 10, 6 ], "texture": "#texture", "rotation": 180 },
				"up": { "uv": [ 9.5, 10, 10, 10.5 ], "texture": "#texture", "rotation": 180 },
				"north": { "uv": [ 9.5, 0, 10, 6 ], "texture": "#texture" },
				"south": { "uv": [ 6, 0, 6.5, 6 ], "texture": "#texture" },
				"west": { "uv": [ 5.5, 0, 6, 6 ], "texture": "#texture" },
				"east": { "uv": [ 10, 0, 10.5, 6 ], "texture": "#texture" }
			}
		},
		{
			"__comment": "Box1",
			"from": [ 13.25, 12.5, 10.25 ],
			"to": [ 14, 29, 11 ],
			"rotation": { "origin": [ 23, 29, 11 ], "axis": "x", "angle": 22.5 },
			"faces": {
				"down": { "uv": [ 9.5, 5.5, 10, 6 ], "texture": "#texture", "rotation": 180 },
				"up": { "uv": [ 9.5, 10, 10, 10.5 ], "texture": "#texture", "rotation": 180 },
				"north": { "uv": [ 9.5, 0, 10, 6 ], "texture": "#texture" },
				"south": { "uv": [ 6, 0, 6.5, 6 ], "texture": "#texture" },
				"west": { "uv": [ 5.5, 0, 6, 6 ], "texture": "#texture" },
				"east": { "uv": [ 10, 0, 10.5, 6 ], "texture": "#texture" }
			}
		},
		{
			"__comment": "Box1",
			"from": [ 2.75, 7.9012, 8.2541 ],
			"to": [ 13.25, 9.401199, 9.7541 ],
			"rotation": { "origin": [ 13.25, 23, 2 ], "axis": "x", "angle": 22.5 },
			"faces": {
				"down": { "uv": [ 3.5, 5.5, 12.5, 6 ], "texture": "#texture", "rotation": 180 },
				"up": { "uv": [ 3.5, 10, 12.5, 10.5 ], "texture": "#texture", "rotation": 180 },
				"north": { "uv": [ 3.5, 6, 12.5, 7 ], "texture": "#texture" },
				"south": { "uv": [ 3.5, 6, 12.5, 7 ], "texture": "#texture" },
				"west": { "uv": [ 5.5, 6, 6, 7 ], "texture": "#texture" },
				"east": { "uv": [ 10, 6, 10.5, 7 ], "texture": "#texture" }
			}
		}
	],
	"display": {
		"thirdperson_righthand": {
			"rotation":  [ 75, 45, 0 ],
			"translation":  [ 0, 2.5, 0 ],
			"scale":  [ 0.375, 0.375, 0.375 ]
		},
		"thirdperson_lefthand": {
			"rotation":  [ 75, 45, 0 ],
			"translation":  [ 0, 2.5, 0 ],
			"scale":  [ 0.375, 0.375, 0.375 ]
		},
		"firstperson_righthand": {
			"rotation":  [ 0, 45, 0 ],
			"scale":  [ 0.4, 0.4, 0.4 ]
		},
		"firstperson_lefthand": {
			"rotation":  [ 0, 45, 0 ],
			"scale":  [ 0.4, 0.4, 0.4 ]
		},
		"gui": {
			"rotation":  [ 30, 225, 0 ],
			"scale":  [ 0.625, 0.625, 0.625 ]
		},
		"ground": {
			"translation":  [ 0, 3, 0 ],
			"scale":  [ 0.25, 0.25, 0.25 ]
		},
		"fixed": {
			"scale":  [ 0.5, 0.5, 0.5 ]
		}
	}
}