{
	"__comment": "Designed by Daiksoul with Cubik Studio - https://cubik.studio",
	"textures": {
		"particle": "blocks/e_particle",
		"texture": "block/glass"
	},
	"elements": [ 	 
		{
			"__comment": "Box1",
			"from": [ 0, 0, 0 ],
			"to": [ 16, 15.5, 16 ],
			"faces": {
				"down": { "uv": [ 14, 14, 15, 15 ], "texture": "#texture" },
				"up": { "uv": [ 14, 14, 15, 15 ], "texture": "#texture" },
				"north": { "uv": [ 14, 14, 15, 15 ], "texture": "#texture" },
				"south": { "uv": [ 14, 14, 15, 15 ], "texture": "#texture" },
				"west": { "uv": [ 14, 14, 15, 15 ], "texture": "#texture" },
				"east": { "uv": [ 14, 14, 15, 15 ], "texture": "#texture" }
			}
		}
	]
}