{
	"__comment": "Designed by Daiksoul with Cubik Studio - https://cubik.studio",
	"textures": {
		"particle": "blocks/particle",
		"texture": "block/light_gray_wool",
		"texture1": "block/black_wool",
		"texture2": "block/gray_wool"
	},
	"elements": [ 	 
		{
			"__comment": "Voxels-808080",
			"from": [ 1, 3, 3 ],
			"to": [ 15, 15, 4 ],
			"faces": {
				"down": { "uv": [ 12.5, 1.5, 12.5, 1.5 ], "texture": "#texture2" },
				"up": { "uv": [ 12.5, 1.5, 12.5, 1.5 ], "texture": "#texture2" },
				"north": { "uv": [ 12.5, 1.5, 12.5, 1.5 ], "texture": "#texture2" },
				"south": { "uv": [ 12.5, 1.5, 12.5, 1.5 ], "texture": "#texture2" },
				"west": { "uv": [ 12.5, 1.5, 12.5, 1.5 ], "texture": "#texture2" },
				"east": { "uv": [ 12.5, 1.5, 12.5, 1.5 ], "texture": "#texture2" }
			}
		},
		{
			"__comment": "Voxels-808080",
			"from": [ 1, 3, 4 ],
			"to": [ 15, 4, 5 ],
			"faces": {
				"down": { "uv": [ 12.5, 1.5, 12.5, 1.5 ], "texture": "#texture2" },
				"up": { "uv": [ 12.5, 1.5, 12.5, 1.5 ], "texture": "#texture2" },
				"south": { "uv": [ 12.5, 1.5, 12.5, 1.5 ], "texture": "#texture2" },
				"west": { "uv": [ 12.5, 1.5, 12.5, 1.5 ], "texture": "#texture2" },
				"east": { "uv": [ 12.5, 1.5, 12.5, 1.5 ], "texture": "#texture2" }
			}
		},
		{
			"__comment": "Voxels-808080",
			"from": [ 1, 4, 4 ],
			"to": [ 2, 15, 5 ],
			"faces": {
				"up": { "uv": [ 12.5, 1.5, 12.5, 1.5 ], "texture": "#texture2" },
				"south": { "uv": [ 12.5, 1.5, 12.5, 1.5 ], "texture": "#texture2" },
				"west": { "uv": [ 12.5, 1.5, 12.5, 1.5 ], "texture": "#texture2" },
				"east": { "uv": [ 12.5, 1.5, 12.5, 1.5 ], "texture": "#texture2" }
			}
		},
		{
			"__comment": "Voxels-000000",
			"from": [ 2, 4, 4 ],
			"to": [ 14, 14, 5 ],
			"faces": {
				"south": { "uv": [ 12.5, 3.5, 12.5, 3.5 ], "texture": "#texture1" }
			}
		},
		{
			"__comment": "Voxels-808080",
			"from": [ 2, 14, 4 ],
			"to": [ 15, 15, 5 ],
			"faces": {
				"down": { "uv": [ 12.5, 1.5, 12.5, 1.5 ], "texture": "#texture2" },
				"up": { "uv": [ 12.5, 1.5, 12.5, 1.5 ], "texture": "#texture2" },
				"south": { "uv": [ 12.5, 1.5, 12.5, 1.5 ], "texture": "#texture2" },
				"east": { "uv": [ 12.5, 1.5, 12.5, 1.5 ], "texture": "#texture2" }
			}
		},
		{
			"__comment": "Voxels-808080",
			"from": [ 14, 4, 4 ],
			"to": [ 15, 14, 5 ],
			"faces": {
				"south": { "uv": [ 12.5, 1.5, 12.5, 1.5 ], "texture": "#texture2" },
				"east": { "uv": [ 12.5, 1.5, 12.5, 1.5 ], "texture": "#texture2" }
			}
		},
		{
			"__comment": "Voxels-2C2C2C",
			"from": [ -5, 0, 1 ],
			"to": [ -1, 14, 13 ],
			"faces": {
				"down": { "uv": [ 5.5, 1.5, 5, 1.5 ], "texture": "#texture1" },
				"up": { "uv": [ 5.5, 1.5, 5, 1.5 ], "texture": "#texture1" },
				"north": { "uv": [ 5.5, 1.5, 5, 1.5 ], "texture": "#texture1" },
				"south": { "uv": [ 5.5, 1.5, 5, 1.5 ], "texture": "#texture1" },
				"west": { "uv": [ 5.5, 1.5, 5, 1.5 ], "texture": "#texture1" },
				"east": { "uv": [ 5.5, 1.5, 5, 1.5 ], "texture": "#texture1" }
			}
		},
		{
			"__comment": "Voxels-0045B8",
			"from": [ -5, 0, 13 ],
			"to": [ -1, 1, 14 ],
			"faces": {
				"down": { "uv": [ 7.5, 4.5, 7.5, 4.5 ], "texture": "#texture" },
				"up": { "uv": [ 7.5, 4.5, 7.5, 4.5 ], "texture": "#texture" },
				"west": { "uv": [ 7.5, 4.5, 7.5, 4.5 ], "texture": "#texture" },
				"east": { "uv": [ 7.5, 4.5, 7.5, 4.5 ], "texture": "#texture" }
			}
		},
		{
			"__comment": "Voxels-006E9B",
			"from": [ -5, 0, 14 ],
			"to": [ -1, 4, 15 ],
			"faces": {
				"down": { "uv": [ 13.5, 2.5, 13.5, 2 ], "texture": "#texture" },
				"up": { "uv": [ 13.5, 2.5, 13.5, 2 ], "texture": "#texture" },
				"north": { "uv": [ 13.5, 2.5, 13.5, 2 ], "texture": "#texture" },
				"south": { "uv": [ 13.5, 2.5, 13.5, 2 ], "texture": "#texture" },
				"west": { "uv": [ 13.5, 2.5, 13.5, 2 ], "texture": "#texture" },
				"east": { "uv": [ 13.5, 2.5, 13.5, 2 ], "texture": "#texture" }
			}
		},
		{
			"__comment": "Voxels-0045B8",
			"from": [ -5, 1, 13 ],
			"to": [ -4, 14, 14 ],
			"faces": {
				"up": { "uv": [ 7.5, 4.5, 7.5, 4.5 ], "texture": "#texture" },
				"south": { "uv": [ 7.5, 4.5, 7.5, 4.5 ], "texture": "#texture" },
				"west": { "uv": [ 7.5, 4.5, 7.5, 4.5 ], "texture": "#texture" },
				"east": { "uv": [ 7.5, 4.5, 7.5, 4.5 ], "texture": "#texture" }
			}
		},
		{
			"__comment": "Voxels-003044",
			"from": [ -5, 5, 14 ],
			"to": [ -1, 14, 15 ],
			"faces": {
				"down": { "uv": [ 1.5, 12.5, 1, 12.5 ], "texture": "#texture" },
				"up": { "uv": [ 1.5, 12.5, 1, 12.5 ], "texture": "#texture" },
				"north": { "uv": [ 1.5, 12.5, 1, 12.5 ], "texture": "#texture" },
				"south": { "uv": [ 1.5, 12.5, 1, 12.5 ], "texture": "#texture" },
				"west": { "uv": [ 1.5, 12.5, 1, 12.5 ], "texture": "#texture" },
				"east": { "uv": [ 1.5, 12.5, 1, 12.5 ], "texture": "#texture" }
			}
		},
		{
			"__comment": "Voxels-0045B8",
			"from": [ -4, 4, 13 ],
			"to": [ -1, 5, 14 ],
			"faces": {
				"down": { "uv": [ 7.5, 4.5, 7.5, 4.5 ], "texture": "#texture" },
				"up": { "uv": [ 7.5, 4.5, 7.5, 4.5 ], "texture": "#texture" },
				"south": { "uv": [ 7.5, 4.5, 7.5, 4.5 ], "texture": "#texture" },
				"east": { "uv": [ 7.5, 4.5, 7.5, 4.5 ], "texture": "#texture" }
			}
		},
		{
			"__comment": "Voxels-0045B8",
			"from": [ -4, 13, 13 ],
			"to": [ -1, 14, 14 ],
			"faces": {
				"down": { "uv": [ 7.5, 4.5, 7.5, 4.5 ], "texture": "#texture" },
				"up": { "uv": [ 7.5, 4.5, 7.5, 4.5 ], "texture": "#texture" },
				"east": { "uv": [ 7.5, 4.5, 7.5, 4.5 ], "texture": "#texture" }
			}
		},
		{
			"__comment": "Voxels-0045B8",
			"from": [ -2, 1, 13 ],
			"to": [ -1, 4, 14 ],
			"faces": {
				"east": { "uv": [ 7.5, 4.5, 7.5, 4.5 ], "texture": "#texture" }
			}
		},
		{
			"__comment": "Voxels-0045B8",
			"from": [ -2, 5, 13 ],
			"to": [ -1, 13, 14 ],
			"faces": {
				"east": { "uv": [ 7.5, 4.5, 7.5, 4.5 ], "texture": "#texture" }
			}
		},
		{
			"__comment": "Voxels-2C2C2C",
			"from": [ 1, 0, 8 ],
			"to": [ 11, 1, 14 ],
			"faces": {
				"down": { "uv": [ 12.5, 3.5, 12.5, 3.5 ], "texture": "#texture1" },
				"up": { "uv": [ 12.5, 3.5, 12.5, 3.5 ], "texture": "#texture1" },
				"north": { "uv": [ 12.5, 3.5, 12.5, 3.5 ], "texture": "#texture1" },
				"south": { "uv": [ 12.5, 3.5, 12.5, 3.5 ], "texture": "#texture1" },
				"west": { "uv": [ 12.5, 3.5, 12.5, 3.5 ], "texture": "#texture1" },
				"east": { "uv": [ 12.5, 3.5, 12.5, 3.5 ], "texture": "#texture1" }
			}
		},
		{
			"__comment": "Voxels-808080",
			"from": [ 4, 0, 1 ],
			"to": [ 12, 1, 5 ],
			"faces": {
				"down": { "uv": [ 12.5, 1.5, 12.5, 1.5 ], "texture": "#texture2" },
				"up": { "uv": [ 12.5, 1.5, 12.5, 1.5 ], "texture": "#texture2" },
				"north": { "uv": [ 12.5, 1.5, 12.5, 1.5 ], "texture": "#texture2" },
				"south": { "uv": [ 12.5, 1.5, 12.5, 1.5 ], "texture": "#texture2" },
				"west": { "uv": [ 12.5, 1.5, 12.5, 1.5 ], "texture": "#texture2" },
				"east": { "uv": [ 12.5, 1.5, 12.5, 1.5 ], "texture": "#texture2" }
			}
		},
		{
			"__comment": "Voxels-808080",
			"from": [ 5, 0, 0 ],
			"to": [ 11, 1, 1 ],
			"faces": {
				"down": { "uv": [ 12.5, 1.5, 12.5, 1.5 ], "texture": "#texture2" },
				"up": { "uv": [ 12.5, 1.5, 12.5, 1.5 ], "texture": "#texture2" },
				"north": { "uv": [ 12.5, 1.5, 12.5, 1.5 ], "texture": "#texture2" },
				"west": { "uv": [ 12.5, 1.5, 12.5, 1.5 ], "texture": "#texture2" },
				"east": { "uv": [ 12.5, 1.5, 12.5, 1.5 ], "texture": "#texture2" }
			}
		},
		{
			"__comment": "Voxels-808080",
			"from": [ 5, 0, 5 ],
			"to": [ 11, 1, 6 ],
			"faces": {
				"down": { "uv": [ 12.5, 1.5, 12.5, 1.5 ], "texture": "#texture2" },
				"up": { "uv": [ 12.5, 1.5, 12.5, 1.5 ], "texture": "#texture2" },
				"south": { "uv": [ 12.5, 1.5, 12.5, 1.5 ], "texture": "#texture2" },
				"west": { "uv": [ 12.5, 1.5, 12.5, 1.5 ], "texture": "#texture2" },
				"east": { "uv": [ 12.5, 1.5, 12.5, 1.5 ], "texture": "#texture2" }
			}
		},
		{
			"__comment": "Voxels-808080",
			"from": [ 7, 1, 1 ],
			"to": [ 9, 11, 3 ],
			"faces": {
				"up": { "uv": [ 12.5, 1.5, 12.5, 1.5 ], "texture": "#texture2" },
				"north": { "uv": [ 12.5, 1.5, 12.5, 1.5 ], "texture": "#texture2" },
				"south": { "uv": [ 12.5, 1.5, 12.5, 1.5 ], "texture": "#texture2" },
				"west": { "uv": [ 12.5, 1.5, 12.5, 1.5 ], "texture": "#texture2" },
				"east": { "uv": [ 12.5, 1.5, 12.5, 1.5 ], "texture": "#texture2" }
			}
		},
		{
			"__comment": "Voxels-2C2C2C",
			"from": [ 12, 0, 9 ],
			"to": [ 15, 2, 13 ],
			"faces": {
				"down": { "uv": [ 12.5, 3.5, 12.5, 3.5 ], "texture": "#texture1" },
				"up": { "uv": [ 12.5, 3.5, 12.5, 3.5 ], "texture": "#texture1" },
				"north": { "uv": [ 12.5, 3.5, 12.5, 3.5 ], "texture": "#texture1" },
				"south": { "uv": [ 12.5, 3.5, 12.5, 3.5 ], "texture": "#texture1" },
				"west": { "uv": [ 12.5, 3.5, 12.5, 3.5 ], "texture": "#texture1" },
				"east": { "uv": [ 12.5, 3.5, 12.5, 3.5 ], "texture": "#texture1" }
			}
		},
				{
			"__comment": "Box23",
			"from": [ -6, 0, 0 ],
			"to": [ 16, 0.125, 16 ],
			"faces": {
				"down": { "uv": [ 11, 8, 12, 9 ], "texture": "#texture" },
				"up": { "uv": [ 11, 8, 12, 9 ], "texture": "#texture" },
				"north": { "uv": [ 11, 8, 12, 9 ], "texture": "#texture" },
				"south": { "uv": [ 11, 8, 12, 9 ], "texture": "#texture" },
				"west": { "uv": [ 11, 8, 12, 9 ], "texture": "#texture" },
				"east": { "uv": [ 11, 8, 12, 9 ], "texture": "#texture" }
			}
		}
	],
	"display": {
		"thirdperson_righthand": {
			"rotation":  [ 75, 45, 0 ],
			"translation":  [ 0, 2.5, 0 ],
			"scale":  [ 0.375, 0.375, 0.375 ]
		},
		"thirdperson_lefthand": {
			"rotation":  [ 75, 45, 0 ],
			"translation":  [ 0, 2.5, 0 ],
			"scale":  [ 0.375, 0.375, 0.375 ]
		},
		"firstperson_righthand": {
			"rotation":  [ 0, 45, 0 ],
			"scale":  [ 0.4, 0.4, 0.4 ]
		},
		"firstperson_lefthand": {
			"rotation":  [ 0, 45, 0 ],
			"scale":  [ 0.4, 0.4, 0.4 ]
		},
		"gui": {
			"rotation":  [ 30, -45, 0 ],
			"translation":  [ 1.3913, 0, 0 ],
			"scale":  [ 0.625, 0.625, 0.625 ]
		},
		"ground": {
			"translation":  [ 0, 3, 0 ],
			"scale":  [ 0.25, 0.25, 0.25 ]
		},
		"fixed": {
			"rotation":  [ 0, 180, 0 ],
			"scale":  [ 0.5, 0.5, 0.5 ]
		}
	}
}