{
	"__comment": "Designed by Daiksoul with Cubik Studio - https://cubik.studio",
	"textures": {
		"particle": "block/anvil",
		"texture": "block/anvil"
	},
	"elements": [ 	 
		{
			"__comment": "Box1",
			"from": [ 0, 0, 0 ],
			"to": [ 16, 1, 16 ],
			"faces": {
				"down": { "uv": [ 0, 0, 16, 16 ], "texture": "#texture" },
				"up": { "uv": [ 0, 0, 1, 1 ], "texture": "#texture" },
				"north": { "uv": [ 0, 15, 16, 16 ], "texture": "#texture" },
				"south": { "uv": [ 0, 15, 16, 16 ], "texture": "#texture" },
				"west": { "uv": [ 0, 15, 16, 16 ], "texture": "#texture" },
				"east": { "uv": [ 0, 15, 16, 16 ], "texture": "#texture" }
			}
		},
		{
			"__comment": "Box2",
			"from": [ 0, 1, 0 ],
			"to": [ 1, 16, 16 ],
			"faces": {
				"down": { "uv": [ 0, 0, 1, 16 ], "texture": "#texture" },
				"up": { "uv": [ 0, 0, 1, 16 ], "texture": "#texture" },
				"north": { "uv": [ 15, 0, 16, 15 ], "texture": "#texture" },
				"south": { "uv": [ 0, 0, 1, 15 ], "texture": "#texture" },
				"west": { "uv": [ 0, 0, 16, 15 ], "texture": "#texture" },
				"east": { "uv": [ 0, 0, 1, 1 ], "texture": "#texture" }
			}
		},
		{
			"__comment": "Box2",
			"from": [ 15, 1, 0 ],
			"to": [ 16, 16, 16 ],
			"faces": {
				"down": { "uv": [ 15, 0, 16, 16 ], "texture": "#texture" },
				"up": { "uv": [ 15, 0, 16, 16 ], "texture": "#texture" },
				"north": { "uv": [ 0, 0, 1, 15 ], "texture": "#texture" },
				"south": { "uv": [ 15, 0, 16, 15 ], "texture": "#texture" },
				"west": { "uv": [ 0, 0, 1, 1 ], "texture": "#texture" },
				"east": { "uv": [ 0, 0, 16, 15 ], "texture": "#texture" }
			}
		},
		{
			"__comment": "Box2",
			"from": [ 1, 1, 0 ],
			"to": [ 15, 16, 1 ],
			"faces": {
				"down": { "uv": [ 1, 15, 15, 16 ], "texture": "#texture" },
				"up": { "uv": [ 1, 0, 15, 1 ], "texture": "#texture" },
				"north": { "uv": [ 1, 0, 15, 15 ], "texture": "#texture" },
				"south": { "uv": [ 0, 0, 1, 1 ], "texture": "#texture" },
				"west": { "uv": [ 0, 0, 1, 15 ], "texture": "#texture" },
				"east": { "uv": [ 15, 0, 16, 15 ], "texture": "#texture" }
			}
		},
		{
			"__comment": "Box2",
			"from": [ 1, 1, 15 ],
			"to": [ 15, 16, 16 ],
			"faces": {
				"down": { "uv": [ 1, 0, 15, 1 ], "texture": "#texture" },
				"up": { "uv": [ 1, 15, 15, 16 ], "texture": "#texture" },
				"north": { "uv": [ 0, 0, 1, 1 ], "texture": "#texture" },
				"south": { "uv": [ 1, 0, 15, 15 ], "texture": "#texture" },
				"west": { "uv": [ 15, 0, 16, 15 ], "texture": "#texture" },
				"east": { "uv": [ 0, 0, 1, 15 ], "texture": "#texture" }
			}
		},
		{
			"__comment": "Box2",
			"from": [ 0.25, 15.125, 15 ],
			"to": [ 8.25, 16.125, 16 ],
			"rotation": { "origin": [ 0.25, 15.125, 15 ], "axis": "z", "angle": 22.5 },
			"faces": {
				"down": { "uv": [ 0, 0, 1, 1 ], "texture": "#texture" },
				"up": { "uv": [ 0, 0, 1, 1 ], "texture": "#texture" },
				"north": { "uv": [ 0, 0, 1, 1 ], "texture": "#texture" },
				"south": { "uv": [ 0, 0, 1, 1 ], "texture": "#texture" },
				"west": { "uv": [ 0, 0, 1, 1 ], "texture": "#texture" },
				"east": { "uv": [ 0, 0, 1, 1 ], "texture": "#texture" }
			}
		},
		{
			"__comment": "Box2",
			"from": [ 8.375, 18.125, 15 ],
			"to": [ 16.375, 19.125, 16 ],
			"rotation": { "origin": [ 8.375, 18.125, 15 ], "axis": "z", "angle": -22.5 },
			"faces": {
				"down": { "uv": [ 0, 0, 1, 1 ], "texture": "#texture" },
				"up": { "uv": [ 0, 0, 1, 1 ], "texture": "#texture" },
				"north": { "uv": [ 0, 0, 1, 1 ], "texture": "#texture" },
				"south": { "uv": [ 0, 0, 1, 1 ], "texture": "#texture" },
				"west": { "uv": [ 0, 0, 1, 1 ], "texture": "#texture" },
				"east": { "uv": [ 0, 0, 1, 1 ], "texture": "#texture" }
			}
		},
		{
			"__comment": "Box2",
			"from": [ 0.25, 15.125, 0 ],
			"to": [ 8.25, 16.125, 1 ],
			"rotation": { "origin": [ 0.25, 15.125, 0 ], "axis": "z", "angle": 22.5 },
			"faces": {
				"down": { "uv": [ 0, 0, 1, 1 ], "texture": "#texture" },
				"up": { "uv": [ 0, 0, 1, 1 ], "texture": "#texture" },
				"north": { "uv": [ 0, 0, 1, 1 ], "texture": "#texture" },
				"south": { "uv": [ 0, 0, 1, 1 ], "texture": "#texture" },
				"west": { "uv": [ 0, 0, 1, 1 ], "texture": "#texture" },
				"east": { "uv": [ 0, 0, 1, 1 ], "texture": "#texture" }
			}
		},
		{
			"__comment": "Box2",
			"from": [ 8.375, 18.125, 0 ],
			"to": [ 16.375, 19.125, 1 ],
			"rotation": { "origin": [ 8.375, 18.125, 0 ], "axis": "z", "angle": -22.5 },
			"faces": {
				"down": { "uv": [ 0, 0, 1, 1 ], "texture": "#texture" },
				"up": { "uv": [ 0, 0, 1, 1 ], "texture": "#texture" },
				"north": { "uv": [ 0, 0, 1, 1 ], "texture": "#texture" },
				"south": { "uv": [ 0, 0, 1, 1 ], "texture": "#texture" },
				"west": { "uv": [ 0, 0, 1, 1 ], "texture": "#texture" },
				"east": { "uv": [ 0, 0, 1, 1 ], "texture": "#texture" }
			}
		},
		{
			"__comment": "Box2",
			"from": [ 7.25, 18.125, 0 ],
			"to": [ 8.75, 19.125, 16 ],
			"faces": {
				"down": { "uv": [ 0, 0, 1, 1 ], "texture": "#texture" },
				"up": { "uv": [ 0, 0, 1, 1 ], "texture": "#texture" },
				"north": { "uv": [ 0, 0, 1, 1 ], "texture": "#texture" },
				"south": { "uv": [ 0, 0, 1, 1 ], "texture": "#texture" },
				"west": { "uv": [ 0, 0, 1, 1 ], "texture": "#texture" },
				"east": { "uv": [ 0, 0, 1, 1 ], "texture": "#texture" }
			}
		},
		{
			"__comment": "Box2",
			"from": [ 2.5, 16, 15 ],
			"to": [ 13.5, 16.5, 16 ],
			"faces": {
				"down": { "uv": [ 0, 0, 1, 1 ], "texture": "#texture" },
				"up": { "uv": [ 0, 0, 1, 1 ], "texture": "#texture" },
				"north": { "uv": [ 0, 0, 1, 1 ], "texture": "#texture" },
				"south": { "uv": [ 0, 0, 1, 1 ], "texture": "#texture" },
				"west": { "uv": [ 0, 0, 1, 1 ], "texture": "#texture" },
				"east": { "uv": [ 0, 0, 1, 1 ], "texture": "#texture" }
			}
		},
		{
			"__comment": "Box2",
			"from": [ 3.5, 16.5, 15 ],
			"to": [ 12.5, 17, 16 ],
			"faces": {
				"down": { "uv": [ 0, 0, 1, 1 ], "texture": "#texture" },
				"up": { "uv": [ 0, 0, 1, 1 ], "texture": "#texture" },
				"north": { "uv": [ 0, 0, 1, 1 ], "texture": "#texture" },
				"south": { "uv": [ 0, 0, 1, 1 ], "texture": "#texture" },
				"west": { "uv": [ 0, 0, 1, 1 ], "texture": "#texture" },
				"east": { "uv": [ 0, 0, 1, 1 ], "texture": "#texture" }
			}
		},
		{
			"__comment": "Box2",
			"from": [ 4.5, 17, 15 ],
			"to": [ 11.5, 17.5, 16 ],
			"faces": {
				"down": { "uv": [ 0, 0, 1, 1 ], "texture": "#texture" },
				"up": { "uv": [ 0, 0, 1, 1 ], "texture": "#texture" },
				"north": { "uv": [ 0, 0, 1, 1 ], "texture": "#texture" },
				"south": { "uv": [ 0, 0, 1, 1 ], "texture": "#texture" },
				"west": { "uv": [ 0, 0, 1, 1 ], "texture": "#texture" },
				"east": { "uv": [ 0, 0, 1, 1 ], "texture": "#texture" }
			}
		},
		{
			"__comment": "Box2",
			"from": [ 6, 17.5, 15 ],
			"to": [ 10, 18, 16 ],
			"faces": {
				"down": { "uv": [ 0, 0, 1, 1 ], "texture": "#texture" },
				"up": { "uv": [ 0, 0, 1, 1 ], "texture": "#texture" },
				"north": { "uv": [ 0, 0, 1, 1 ], "texture": "#texture" },
				"south": { "uv": [ 0, 0, 1, 1 ], "texture": "#texture" },
				"west": { "uv": [ 0, 0, 1, 1 ], "texture": "#texture" },
				"east": { "uv": [ 0, 0, 1, 1 ], "texture": "#texture" }
			}
		},
		{
			"__comment": "Box2",
			"from": [ 6.75, 18, 15 ],
			"to": [ 9.25, 18.5, 16 ],
			"faces": {
				"down": { "uv": [ 0, 0, 1, 1 ], "texture": "#texture" },
				"up": { "uv": [ 0, 0, 1, 1 ], "texture": "#texture" },
				"north": { "uv": [ 0, 0, 1, 1 ], "texture": "#texture" },
				"south": { "uv": [ 0, 0, 1, 1 ], "texture": "#texture" },
				"west": { "uv": [ 0, 0, 1, 1 ], "texture": "#texture" },
				"east": { "uv": [ 0, 0, 1, 1 ], "texture": "#texture" }
			}
		},
		{
			"__comment": "Box2",
			"from": [ 7, 18, 0 ],
			"to": [ 9.5, 18.5, 1 ],
			"faces": {
				"down": { "uv": [ 0, 0, 1, 1 ], "texture": "#texture" },
				"up": { "uv": [ 0, 0, 1, 1 ], "texture": "#texture" },
				"north": { "uv": [ 0, 0, 1, 1 ], "texture": "#texture" },
				"south": { "uv": [ 0, 0, 1, 1 ], "texture": "#texture" },
				"west": { "uv": [ 0, 0, 1, 1 ], "texture": "#texture" },
				"east": { "uv": [ 0, 0, 1, 1 ], "texture": "#texture" }
			}
		},
		{
			"__comment": "Box2",
			"from": [ 6.25, 17.5, 0 ],
			"to": [ 10.25, 18, 1 ],
			"faces": {
				"down": { "uv": [ 0, 0, 1, 1 ], "texture": "#texture" },
				"up": { "uv": [ 0, 0, 1, 1 ], "texture": "#texture" },
				"north": { "uv": [ 0, 0, 1, 1 ], "texture": "#texture" },
				"south": { "uv": [ 0, 0, 1, 1 ], "texture": "#texture" },
				"west": { "uv": [ 0, 0, 1, 1 ], "texture": "#texture" },
				"east": { "uv": [ 0, 0, 1, 1 ], "texture": "#texture" }
			}
		},
		{
			"__comment": "Box2",
			"from": [ 4.75, 17, 0 ],
			"to": [ 11.75, 17.5, 1 ],
			"faces": {
				"down": { "uv": [ 0, 0, 1, 1 ], "texture": "#texture" },
				"up": { "uv": [ 0, 0, 1, 1 ], "texture": "#texture" },
				"north": { "uv": [ 0, 0, 1, 1 ], "texture": "#texture" },
				"south": { "uv": [ 0, 0, 1, 1 ], "texture": "#texture" },
				"west": { "uv": [ 0, 0, 1, 1 ], "texture": "#texture" },
				"east": { "uv": [ 0, 0, 1, 1 ], "texture": "#texture" }
			}
		},
		{
			"__comment": "Box2",
			"from": [ 3.75, 16.5, 0 ],
			"to": [ 12.75, 17, 1 ],
			"faces": {
				"down": { "uv": [ 0, 0, 1, 1 ], "texture": "#texture" },
				"up": { "uv": [ 0, 0, 1, 1 ], "texture": "#texture" },
				"north": { "uv": [ 0, 0, 1, 1 ], "texture": "#texture" },
				"south": { "uv": [ 0, 0, 1, 1 ], "texture": "#texture" },
				"west": { "uv": [ 0, 0, 1, 1 ], "texture": "#texture" },
				"east": { "uv": [ 0, 0, 1, 1 ], "texture": "#texture" }
			}
		},
		{
			"__comment": "Box2",
			"from": [ 2.75, 16, 0 ],
			"to": [ 13.75, 16.5, 1 ],
			"faces": {
				"down": { "uv": [ 0, 0, 1, 1 ], "texture": "#texture" },
				"up": { "uv": [ 0, 0, 1, 1 ], "texture": "#texture" },
				"north": { "uv": [ 0, 0, 1, 1 ], "texture": "#texture" },
				"south": { "uv": [ 0, 0, 1, 1 ], "texture": "#texture" },
				"west": { "uv": [ 0, 0, 1, 1 ], "texture": "#texture" },
				"east": { "uv": [ 0, 0, 1, 1 ], "texture": "#texture" }
			}
		}
	],
	"display": {
		"thirdperson_righthand": {
			"rotation":  [ 75, 45, 0 ],
			"translation":  [ 0, 2.5, 0 ],
			"scale":  [ 0.375, 0.375, 0.375 ]
		},
		"thirdperson_lefthand": {
			"rotation":  [ 75, 45, 0 ],
			"translation":  [ 0, 2.5, 0 ],
			"scale":  [ 0.375, 0.375, 0.375 ]
		},
		"firstperson_righthand": {
			"rotation":  [ 0, 45, 0 ],
			"scale":  [ 0.4, 0.4, 0.4 ]
		},
		"firstperson_lefthand": {
			"rotation":  [ 0, 45, 0 ],
			"scale":  [ 0.4, 0.4, 0.4 ]
		},
		"gui": {
			"rotation":  [ 30, 225, 0 ],
			"scale":  [ 0.625, 0.625, 0.625 ]
		},
		"ground": {
			"translation":  [ 0, 3, 0 ],
			"scale":  [ 0.25, 0.25, 0.25 ]
		},
		"fixed": {
			"scale":  [ 0.5, 0.5, 0.5 ]
		}
	}
}