{
  "minecraft:story/obtain_armor": {
    "criteria": {
      "iron_boots": "2018-02-16 22:49:11 +0900"
    },
    "done": true
  },
  "minecraft:recipes/misc/gray_dye": {
    "criteria": {
      "has_black_dye": "2018-02-16 23:06:27 +0900"
    },
    "done": true
  },
  "minecraft:recipes/misc/magenta_dye_from_lapis_ink_bonemeal": {
    "criteria": {
      "has_black_dye": "2018-02-16 23:06:27 +0900"
    },
    "done": true
  },
  "minecraft:recipes/misc/light_gray_dye_from_ink_bonemeal": {
    "criteria": {
      "has_black_dye": "2018-02-16 23:06:27 +0900"
    },
    "done": true
  }
}