{"stat.flyOneCm":154841,"stat.useItem.minecraft.ender_pearl":12,"stat.walkOneCm":41733,"stat.drop":24,"stat.jump":83,"stat.drop.minecraft.skull":6,"stat.playOneMinute":45667,"stat.drop.minecraft.web":6,"stat.climbOneCm":576,"stat.drop.minecraft.wooden_hoe":5,"stat.drop.minecraft.dye":1,"stat.leaveGame":1,"stat.sneakTime":105,"stat.damageDealt":900,"stat.drop.minecraft.ender_pearl":7,"stat.crouchOneCm":119,"stat.timeSinceDeath":45667,"stat.sprintOneCm":33564,"stat.useItem.minecraft.armor_stand":1}